config,asr,fp,tr,sample_size
bare,0.76,0.0,3.0523121,125
l1,0.25,0.0,8.619364200000007,125
l1l2,0.15,0.0,3.390370399999995,125
l1l2l3,0.15,0.0,3.4917224999999235,125
