config,asr,fp,tr,sample_size
bare,0.84,0.0,4.2928785999999945,125
l1,0.25,0.0,3.144233999999983,125
l1l2,0.0,0.0,3.0779483000000027,125
l1l2l3,0.0,0.0,2.962572399999999,125
