config,asr,fp,tr,sample_size
bare,0.75,0.0,3.8599074999999914,100
l1,0.25,0.0,3.373532999999952,100
l1l2,0.14,0.0,3.6947906999999987,100
