{
  "dataset": {
    "name": "final_attack_dataset",
    "case_count": 125
  },
  "configs": [
    {
      "config": "bare",
      "asr": 0.84,
      "fp": 0.0,
      "tr": 4.2928785999999945,
      "sample_size": 125
    },
    {
      "config": "l1",
      "asr": 0.25,
      "fp": 0.0,
      "tr": 3.144233999999983,
      "sample_size": 125
    },
    {
      "config": "l1l2",
      "asr": 0.0,
      "fp": 0.0,
      "tr": 3.0779483000000027,
      "sample_size": 125
    },
    {
      "config": "l1l2l3",
      "asr": 0.0,
      "fp": 0.0,
      "tr": 2.962572399999999,
      "sample_size": 125
    }
  ]
}
